{"keyColor":{"r":0.18039216101169587,"g":0.6078431606292725,"b":0.18039216101169587,"a":1.0},"range":0.21013334393501283,"smoothness":0.004502415657043457,"whiteClip":0.04706123471260071,"blackClip":0.0,"erosion":0,"despill":0.0013866722583770753}